Attitude,,,,Error,,,DError,,,Torque,,
0.7243277,-0.6216446,-0.03422071,0.2962033,3.814697E-06,0,-93.21002,0,0,0,-1.144409E-06,0,27.96301
